sample,site,site_code,datetime,date,time_AK,pH,EC_(uS/cm),TDS_(mg/L),gauge_height_(cm),water_temp_(C),conc_TOC,FI,d18O,d2H,Na_(ug/L),Na_LOD,Mg_(ug/L),Mg_LOD,Al_(ug/L) ,Al_LOD,K_(ug/L) ,K_LOD,Ca_(ug/L) ,Ca_LOD,V_(ug/L) ,V_LOD,Cr_(ug/L),Cr_LOD,Mn_(ug/L) ,Mn_LOD,Fe_(ug/L),Fe_LOD,Ni_(ug/L) ,Ni_LOD,Cu_(ug/L),Cu_LOD,Zn_(ug/L),Zn_LOD,As_(ug/L) ,As_LOD,Se_(ug/L) ,Se_LOD,Mo_(ug/L) ,Mo_LOD,Sb_(ug/L) ,Sb_LOD,Ba_(ug/L) ,Ba_LOD,Pb_(ug/L) ,Pb_LOD,Chloride_(mg/L),Chloride_LOD,Sulfate_(mg/L),Sulfate_LOD,Nitrate_(mg/L),Nitrate_LOD
11,stream_gauge,BI,2016/04/18 12:00,2016/04/18 ,12:00,,,,,,1704,1.71,-17.17328082,-126.9640691,861.04,100.00,287.34,87.17,12.11,0.99,204.82,54.49,13665.89,121.25,<LOD,1.80,<LOD,0.67,<LOD,0.93,<LOD,44.95,0.88,0.30,<LOD,1.70,2.47,0.26,3.37,0.13,<LOD,0.35,0.87,0.44,1.28,0.73,3.75,0.73,<LOD,0.63,0.87,0.23,6.58,0.16,0.37,0.09
0,stream_gauge,BI,2016/04/21 15:00,2016/04/21 ,15:00,,,,,,325,1.63,-16.88495069,-122.116946,,,,,,,,,,,,,,,,,,,,,,,,,,,,,,,,,,,,,,,,,,
2,stream_gauge,BI,2016/05/11 13:05,2016/05/11 ,13:05,7.91,53,24,,1,567,1.55,-16.91404066,-117.8834098,,,,,,,,,,,,,,,,,,,,,,,,,,,,,,,,,,,,,,,,,,
25,stream_gauge,BI,2016/05/14 11:45,2016/05/14 ,11:45,7.75,43,22,,0.9,558,1.44,-17.00458037,-123.4533497,512.83,100.00,151.31,87.17,24.01,0.99,173.40,54.49,7517.32,121.25,<LOD,1.80,<LOD,0.67,<LOD,0.93,<LOD,44.95,0.45,0.30,<LOD,1.70,3.13,0.26,2.07,0.13,<LOD,0.35,<LOD,0.44,<LOD,0.73,2.20,0.73,<LOD,0.63,0.61,0.23,3.24,0.16,0.30,0.09
W16K-201,stream_gauge,BI,2016/05/14 11:49,2016/05/14,11:49,,46,,,,,,-17.47908828,-128.4432135,,,,,,,,,,,,,,,,,,,,,,,,,,,,,,,,,,,,,,,,,,
W16K-203,stream_gauge,BI,2016/05/14 12:40,2016/05/14,12:40,,46,,,,,,-17.99563039,-132.1349017,,,,,,,,,,,,,,,,,,,,,,,,,,,,,,,,,,,,,,,,,,
23,stream_gauge,BI,2016/05/15 10:09,2016/05/15 ,10:09,6.7,42,,,2.1,451,1.62,-16.53291981,-123.1319941,,,,,,,,,,,,,,,,,,,,,,,,,,,,,,,,,,,,,,,,,,
20,stream_gauge,BI,2016/05/16 11:24,2016/05/16 ,11:24,7.75,40,20,,0.9,307,1.75,-16.81090217,-125.6209581,,,,,,,,,,,,,,,,,,,,,,,,,,,,,,,,,,,,,,,,,,
35,stream_gauge,BI,2016/05/31 12:05,2016/05/31 ,12:05,7.39,32,16,,1.4,261,,-17.46810112,-127.3310059,<LOD,100.00,<LOD,87.17,29.78,0.99,59.63,54.49,1780.23,121.25,<LOD,1.80,<LOD,0.67,1.03,0.93,49.22,44.95,<LOD,0.30,<LOD,1.70,4.89,0.26,0.38,0.13,<LOD,0.35,<LOD,0.44,<LOD,0.73,1.53,0.73,<LOD,0.63,<LOD,0.23,0.71,0.16,0.17,0.09
40,stream_gauge,BI,2016/07/14 10:48,2016/07/14 ,10:48,7.2,15,,,1.7,137,2.28,-16.90030366,-122.705363,,,,,,,,,,,,,,,,,,,,,,,,,,,,,,,,,,,,,,,,,,
71,stream_gauge,BI,2016/07/19 10:30,2016/07/19 ,10:30,7.96,15,7,,2.3,101,,-16.40598137,-118.8345028,452.91,100.00,200.95,87.17,285.74,0.99,292.58,54.49,3940.29,121.25,<LOD,1.80,0.94,0.67,12.36,0.93,414.58,44.95,2.22,0.30,2.37,1.70,11.35,0.26,1.54,0.13,<LOD,0.35,<LOD,0.44,<LOD,0.73,4.74,0.73,<LOD,0.63,0.56,0.23,5.18,0.16,0.30,0.09
118,stream_gauge,BI,2016/09/07 12:46,2016/09/07 ,12:46,8.6,23,11,,2.1,1668,,-16.48747705,-120.1382556,417.12,100.00,221.92,36.06,174.04,0.61,368.44,14.05,3996.21,58.04,<LOD,1.40,<LOD,0.65,7.60,1.37,334.03,168.20,1.08,0.29,1.19,1.12,5.45,0.39,1.92,0.05,<LOD,2.08,0.68,0.07,0.19,0.08,3.07,0.14,0.41,0.06,0.42,0.23,3.26,0.16,0.33,0.09
FB,field_blank,FB,2016/05/01 12:00,2016/05/01 ,12:00,,,,,,471,,-6.264316594,-38.85507614,235.64,100.00,<LOD,377.84,<LOD,9.24,497.55,380.73,405.23,378.38,<LOD,3.67,4.33,4.11,<LOD,3.46,<LOD,383.67,26.83,3.51,<LOD,3.98,31.99,2.99,<LOD,3.27,<LOD,3.98,<LOD,3.32,4.77,3.32,3.7,3.38,<LOD,4.03,<LOD,0.31,5.88,0.11,n.a.,0.21
FB-DII,field_blank_DII,FB,,,,,,,,,,,,,242.8731093,100.00,<LOD,36.06,7.468207003,0.61,19.61237546,14.05,734.2190479,58.04,<LOD,1.40,<LOD,0.65,<LOD,1.37,<LOD,168.20,<LOD,0.29,<LOD,1.12,<LOD,0.39,0.17,0.05,<LOD,2.08,<LOD,0.07,<LOD,0.08,3.57,0.14,<LOD,0.06,<LOD,0.06,1.54,1.19,0.73,0.48
9,terminus,GI,2016/05/07 17:15,2016/05/07 ,17:15,,,,,,1602,1.73,-17.10880305,-126.2135997,630.58,100.00,189.44,87.17,12.79,0.99,106.63,54.49,9573.07,121.25,<LOD,1.80,<LOD,0.67,<LOD,0.93,<LOD,44.95,0.39,0.30,<LOD,1.70,0.31,0.26,2.22,0.13,<LOD,0.35,0.66,0.44,0.85,0.73,2.40,0.73,<LOD,0.63,0.59,0.23,4.56,0.16,0.29,0.09
W16K-21,terminus,GI,2016/05/10 17:00,2016/05/10,17:00,,,,,,,,-16.74091727,-121.0204779,,,,,,,,,,,,,,,,,,,,,,,,,,,,,,,,,,,,,,,,,,
6,terminus,GI,2016/05/10 17:55,2016/05/10 ,17:55,8.68,62,31,,0.6,312,1.68,-16.89390938,-125.4694312,,,,,,,,,,,,,,,,,,,,,,,,,,,,,,,,,,,,,,,,,,
8,terminus,GI,2016/05/11 11:13,2016/05/11 ,11:13,8.15,54,27,50.4,0.7,423,1.71,-17.24967926,-127.2687143,603.29,100.00,205.85,102.69,<LOD,6.24,101.17,56.44,9223.29,72.72,<LOD,0.09,<LOD,0.68,<LOD,0.39,<LOD,63.07,<LOD,0.35,0.42,0.38,2.4,0.41,2.21,0.08,<LOD,0.21,0.51,0.15,2.37,0.03,3.02,0.09,<LOD,0.09,<LOD,0.31,23.71,0.11,n.a.,0.21
1,terminus,GI,2016/05/12 12:00,2016/05/12 ,12:00,7.53,53,27,,0.56,236,1.79,-16.86443309,-124.6082096,837.32,100.00,201.40,87.17,27.15,0.99,436.76,54.49,9140.43,121.25,<LOD,1.80,<LOD,0.67,<LOD,0.93,<LOD,44.95,0.65,0.30,<LOD,1.70,11.39,0.26,3.49,0.13,<LOD,0.35,1.19,0.44,0.86,0.73,2.43,0.73,<LOD,0.63,0.80,0.23,4.80,0.16,0.29,0.09
30,terminus,GI,2016/05/13 08:40,2016/05/13 ,8:40,7.84,51,26,,0.6,205,1.75,-16.12430968,-120.2209781,,,,,,,,,,,,,,,,,,,,,,,,,,,,,,,,,,,,,,,,,,
27,terminus,GI,2016/05/14 12:54,2016/05/14 ,12:54,8.1,,,,1.6,314,1.69,-16.38898848,-120.8997876,371.19,100.00,147.11,87.17,35.14,0.99,103.01,54.49,8538.80,121.25,<LOD,1.80,<LOD,0.67,<LOD,0.93,46.19,44.95,0.52,0.30,<LOD,1.70,2.60,0.26,4.70,0.13,<LOD,0.35,0.44,0.44,1.08,0.73,2.11,0.73,<LOD,0.63,0.42,0.23,2.99,0.16,0.22,0.09
7,terminus,GI,2016/05/15 12:10,2016/05/15 ,12:10,7.2,,,,1.4,248,1.52,-17.46110781,-127.7069731,,,,,,,,,,,,,,,,,,,,,,,,,,,,,,,,,,,,,,,,,,
21,terminus,GI,2016/05/16 10:58,2016/05/16 ,10:58,8.22,40,20,,0.6,281,1.87,-17.36966851,-127.7590569,498.52,100.00,190.46,102.69,24.03,6.24,109.66,56.44,7495.38,72.72,<LOD,0.09,<LOD,0.68,1.04,0.39,<LOD,63.07,<LOD,0.35,0.43,0.38,2.65,0.41,2.53,0.08,0.27,0.21,0.45,0.15,0.74,0.03,2.85,0.09,<LOD,0.09,<LOD,0.31,1.83,0.11,<LOD,0.21
22,terminus,GI,2016/05/30 14:08,2016/05/30 ,14:08,8.45,40,19,,7.1,84,,-17.93406062,-130.9613089,549.02,100.00,212.12,102.69,10.77,6.24,171.62,56.44,6442.75,72.72,<LOD,0.09,<LOD,0.68,2.39,0.39,<LOD,63.07,<LOD,0.35,4.1,0.38,14.34,0.41,2.24,0.08,<LOD,0.21,0.4,0.15,0.75,0.03,2.63,0.09,0.13,0.09,<LOD,0.31,0.31,0.11,<LOD,0.21
31,terminus,GI,2016/06/01 11:15,2016/06/01 ,11:15,7.7,36,18,,1,<LOD,2.19,-17.79872248,-131.0300154,366.64,100.00,139.35,102.69,<LOD,6.24,186.92,56.44,4823.1,72.72,<LOD,0.09,<LOD,0.68,1.45,0.39,<LOD,63.07,<LOD,0.35,0.72,0.38,8.64,0.41,1.27,0.08,<LOD,0.21,0.3,0.15,0.52,0.03,2.06,0.09,<LOD,0.09,<LOD,0.31,1.42,0.11,n.a.,0.21
41,terminus,GI,2016/07/14 11:04,2016/07/14 ,11:04,,,,,,,,-16.81507833,-123.0645263,,,,,,,,,,,,,,,,,,,,,,,,,,,,,,,,,,,,,,,,,,
70,terminus,GI,2016/07/15 11:54,2016/07/15 ,11:54,7.7,18,9,,3.5,117,,-16.89516868,-122.2969747,1252.94,100.00,160.1,102.69,89.25,6.24,923.04,56.44,4275.81,72.72,0.25,0.09,<LOD,0.68,4.81,0.39,<LOD,63.07,0.76,0.35,2.12,0.38,37.72,0.41,1.25,0.08,<LOD,0.21,0.23,0.15,0.2,0.03,3.42,0.09,0.31,0.09,<LOD,0.31,12.45,0.11,n.a.,0.21
62,terminus,GI,2016/07/15 16:16,2016/07/15 ,16:16,7.55,15,8,,3,107,,-16.73073903,-120.5754671,,,,,,,,,,,,,,,,,,,,,,,,,,,,,,,,,,,,,,,,,,
63,terminus,GI,2016/07/16 11:40,2016/07/16 ,11:40,8.24,13,7,,1.7,59,,-16.70735233,-120.461879,217.02,100.00,156.90,87.17,259.55,0.99,86.48,54.49,3081.88,121.25,<LOD,1.80,<LOD,0.67,7.43,0.93,308.67,44.95,1.08,0.30,<LOD,1.70,5.79,0.26,1.70,0.13,<LOD,0.35,<LOD,0.44,<LOD,0.73,2.90,0.73,<LOD,0.63,0.33,0.23,2.96,0.16,0.25,0.09
51,terminus,GI,2016/07/17 10:37,2016/07/17 ,10:37,8.31,14,8,,1.7,76,,-16.60423418,-119.8660282,177.07,100.00,140.14,87.17,179.31,0.99,87.12,54.49,3355.53,121.25,<LOD,1.80,<LOD,0.67,7.61,0.93,258.64,44.95,1.09,0.30,<LOD,1.70,3.41,0.26,1.26,0.13,<LOD,0.35,<LOD,0.44,<LOD,0.73,3.46,0.73,<LOD,0.63,0.31,0.23,2.68,0.16,0.31,0.09
67,terminus,GI,2016/07/18 11:46,2016/07/18 ,11:46,8.1,13,6,,1.4,92,,-16.55462448,-120.2198031,320.3,100.00,232.77,102.69,495.1,6.24,299.71,56.44,3507.77,72.72,1.17,0.09,0.73,0.68,11.22,0.39,344.4,63.07,1.28,0.35,2.13,0.38,16.63,0.41,2.44,0.08,<LOD,0.21,0.18,0.15,0.15,0.03,11.31,0.09,0.81,0.09,<LOD,0.31,2.83,0.11,n.a.,0.21
78,terminus ,GI,2016/07/19 11:51,2016/07/19 ,11:51,7.81,5,7,,3,87,,-16.5273119,-119.6704268,350.23,100.00,229.28,87.17,337.51,0.99,251.17,54.49,4388.11,121.25,<LOD,1.80,0.96,0.67,15.28,0.93,509.68,44.95,2.39,0.30,3.34,1.70,9.00,0.26,1.68,0.13,<LOD,0.35,<LOD,0.44,<LOD,0.73,5.42,0.73,0.79,0.63,0.40,0.23,5.28,0.16,0.36,0.09
77,terminus,GI,2016/08/15 09:25,2016/08/15 ,9:25,,,,,,29.85604113,,-16.32059858,-117.912346,<LOD,100.00,178.44,87.17,245.01,0.99,<LOD,54.49,2721.96,121.25,<LOD,1.80,0.76,0.67,11.04,0.93,405.98,44.95,1.35,0.30,<LOD,1.70,3.65,0.26,1.12,0.13,<LOD,0.35,<LOD,0.44,<LOD,0.73,3.56,0.73,<LOD,0.63,<LOD,0.23,2.11,0.16,0.28,0.09
75,terminus,GI,2016/08/16 08:45,2016/08/16 ,8:45,,,,,,140.2159383,,-16.53412201,-118.3900964,<LOD,100.00,135.98,87.17,204.59,0.99,<LOD,54.49,2061.40,121.25,<LOD,1.80,<LOD,0.67,10.17,0.93,377.03,44.95,1.26,0.30,<LOD,1.70,2.65,0.26,1.04,0.13,<LOD,0.35,<LOD,0.44,<LOD,0.73,3.35,0.73,<LOD,0.63,<LOD,0.23,1.56,0.16,0.27,0.09
73,terminus,GI,2016/08/16 15:00,2016/08/16 ,15:00,9.1,16,8,,1.4,122,,-17.32257891,-119.7200455,,,,,,,,,,,,,,,,,,,,,,,,,,,,,,,,,,,,,,,,,,
76,terminus,GI,2016/08/16 18:00,2016/08/16 ,18:00,8.98,16,8,,1.4,139,,-15.97546358,-119.2933012,,,,,,,,,,,,,,,,,,,,,,,,,,,,,,,,,,,,,,,,,,
80,terminus,GI,2016/08/17 10:00,2016/08/17 ,10:00,8.92,17,8,,1.7,144,,-15.73437573,-118.3279384,<LOD,100.00,156.67,87.17,164.87,0.99,57.27,54.49,3273.48,121.25,<LOD,1.80,<LOD,0.67,8.37,0.93,284.00,44.95,1.15,0.30,<LOD,1.70,4.01,0.26,1.15,0.13,<LOD,0.35,<LOD,0.44,<LOD,0.73,3.82,0.73,<LOD,0.63,<LOD,0.23,2.77,0.16,0.26,0.09
81,terminus,GI,2016/08/17 15:00,2016/08/17 ,15:00,8.3,30,15,,2.6,124,,-15.14837143,-113.0316353,,,,,,,,,,,,,,,,,,,,,,,,,,,,,,,,,,,,,,,,,,
82,terminus,GI,2016/08/17 18:00,2016/08/17 ,18:00,8.36,25,13,,2,143,,-14.34150354,-108.4184368,,,,,,,,,,,,,,,,,,,,,,,,,,,,,,,,,,,,,,,,,,
83,terminus,GI,2016/08/18 10:00,2016/08/18 ,10:00,8.68,16,8,,1.4,122,,-16.09053469,-117.9815407,<LOD,100.00,207.66,102.69,300.96,6.24,127.25,56.44,3857.22,72.72,0.76,0.09,<LOD,0.68,8.12,0.39,269.91,63.07,0.72,0.35,1.17,0.38,2.86,0.41,1.51,0.08,<LOD,0.21,0.22,0.15,0.22,0.03,7.35,0.09,0.37,0.09,<LOD,0.31,16.56,0.11,n.a.,0.21
84,terminus,GI,2016/08/18 15:00,2016/08/18 ,15:00,8.64,21,10,,1.9,142,,-14.97558157,-111.057741,,,,,,,,,,,,,,,,,,,,,,,,,,,,,,,,,,,,,,,,,,
85,terminus,GI,2016/08/18 18:00,2016/08/18 ,18:00,8.65,17,9,,1.8,136,,-15.87263527,-117.8830008,,,,,,,,,,,,,,,,,,,,,,,,,,,,,,,,,,,,,,,,,,
86,terminus,GI,2016/08/19 10:00,2016/08/19 ,10:00,8.97,20,10,,1.9,117,,-16.21304175,-120.0306978,<LOD,100.00,153.22,87.17,159.40,0.99,<LOD,54.49,3136.88,121.25,<LOD,1.80,<LOD,0.67,8.52,0.93,256.86,44.95,1.00,0.30,<LOD,1.70,1.97,0.26,1.12,0.13,<LOD,0.35,<LOD,0.44,<LOD,0.73,3.35,0.73,<LOD,0.63,<LOD,0.23,2.68,0.16,0.30,0.09
87,terminus,GI,2016/08/19 15:00,2016/08/19 ,15:00,8.62,19,9,,1.6,105,,-16.03803066,-120.2815947,,,,,,,,,,,,,,,,,,,,,,,,,,,,,,,,,,,,,,,,,,
88,terminus,GI,2016/08/19 18:00,2016/08/19 ,18:00,8.67,20,10,,1.8,113,,-16.25988045,-119.938474,,,,,,,,,,,,,,,,,,,,,,,,,,,,,,,,,,,,,,,,,,
89,terminus,GI,2016/08/20 10:00,2016/08/20 ,10:00,9.02,19,10,,1.6,107,,-16.2033074,-120.6086569,274.82,100.00,<LOD,87.17,96.53,0.99,289.34,54.49,2087.76,121.25,<LOD,1.80,<LOD,0.67,4.93,0.93,165.51,44.95,0.81,0.30,<LOD,1.70,8.16,0.26,0.85,0.13,<LOD,0.35,<LOD,0.44,<LOD,0.73,2.43,0.73,<LOD,0.63,0.30,0.23,1.18,0.16,0.25,0.09
90,terminus,GI,2016/08/20 15:00,2016/08/20 ,15:00,8.68,20,10,,1.8,94,,-16.06159306,-119.8888941,,,,,,,,,,,,,,,,,,,,,,,,,,,,,,,,,,,,,,,,,,
91,terminus,GI,2016/08/20 18:00,2016/08/20 ,18:00,8.64,15,8,,1.6,155,,-16.09771901,-119.0437356,,,,,,,,,,,,,,,,,,,,,,,,,,,,,,,,,,,,,,,,,,
92,terminus,GI,2016/08/21 10:00,2016/08/21 ,10:00,8.61,20,10,,1.5,135,,-16.0811679,-120.570794,<LOD,100.00,142.45,102.69,148.85,6.24,101.17,56.44,3235.37,72.72,0.41,0.09,<LOD,0.68,4.77,0.39,107.75,63.07,<LOD,0.35,0.55,0.38,1.73,0.41,1.24,0.08,<LOD,0.21,0.19,0.15,0.15,0.03,4.8,0.09,0.24,0.09,<LOD,0.31,1.04,0.11,0.56,0.21
94,terminus,GI,2016/08/21 19:04,2016/08/21 ,19:04,8.39,21,11,,1.6,121,,-16.24431763,-120.0510603,,,,,,,,,,,,,,,,,,,,,,,,,,,,,,,,,,,,,,,,,,
95,terminus,GI,2016/08/22 10:00,2016/08/22 ,10:00,8.27,18,9,,2,127,,-15.9434001,-119.2864219,152.66,100.00,98.08,87.17,150.25,0.99,94.90,54.49,2010.66,121.25,<LOD,1.80,<LOD,0.67,6.56,0.93,230.78,44.95,0.99,0.30,<LOD,1.70,3.49,0.26,1.13,0.13,<LOD,0.35,<LOD,0.44,<LOD,0.73,3.03,0.73,<LOD,0.63,<LOD,0.23,1.57,0.16,0.20,0.09
96,terminus,GI,2016/08/22 18:00,2016/08/22 ,18:00,8.06,17,9,,1.7,254,,-14.56246865,-110.2035362,,,,,,,,,,,,,,,,,,,,,,,,,,,,,,,,,,,,,,,,,,
98,terminus,GI,2016/08/23 10:00,2016/08/23 ,10:00,8.51,16,8,,1.4,104,,-15.96113816,-118.1227424,<LOD,100.00,<LOD,87.17,96.57,0.99,<LOD,54.49,402.40,121.25,<LOD,1.80,<LOD,0.67,3.71,0.93,154.43,44.95,0.48,0.30,<LOD,1.70,1.17,0.26,0.29,0.13,<LOD,0.35,<LOD,0.44,<LOD,0.73,1.56,0.73,<LOD,0.63,<LOD,0.23,<LOD,0.16,0.12,0.09
99,terminus,GI,2016/08/23 18:00,2016/08/23 ,18:00,7.96,22,11,,1.9,148,,-13.48314881,-104.0804925,,,,,,,,,,,,,,,,,,,,,,,,,,,,,,,,,,,,,,,,,,
100,terminus,GI,2016/08/24 10:00,2016/08/24 ,10:00,8.72,18,9,,1.4,111,,-15.24580703,-113.4825065,157.06,100.00,210.62,87.17,123.04,0.99,96.91,54.49,5977.84,121.25,<LOD,1.80,<LOD,0.67,6.03,0.93,192.15,44.95,0.96,0.30,<LOD,1.70,1.63,0.26,1.24,0.13,<LOD,0.35,<LOD,0.44,<LOD,0.73,4.34,0.73,<LOD,0.63,<LOD,0.23,4.77,0.16,0.33,0.09
101,terminus,GI,2016/08/24 18:00,2016/08/24 ,18:00,8.36,18,9,,1.8,133,,-14.69198252,-110.5192438,,,,,,,,,,,,,,,,,,,,,,,,,,,,,,,,,,,,,,,,,,
102,terminus,GI,2016/08/25 14:15,2016/08/25 ,14:15,8.76,21,10,,1.8,117,,-13.28849244,-100.0584381,438.35,100.00,426.23,87.17,113.28,0.99,298.45,54.49,13349.99,121.25,<LOD,1.80,<LOD,0.67,5.15,0.93,173.71,44.95,1.62,0.30,<LOD,1.70,2.03,0.26,1.92,0.13,0.59,0.35,1.10,0.44,1.03,0.73,7.41,0.73,<LOD,0.63,<LOD,0.23,10.71,0.16,0.42,0.09
117,terminus,GI,2016/09/07 13:17,2016/09/07 ,13:17,8.29,18,9,,1.1,35.15167095,,-16.35280744,-120.1317982,135.50,100.00,89.11,87.17,167.87,0.99,252.25,54.49,1471.61,121.25,<LOD,1.80,0.71,0.67,7.15,0.93,282.51,44.95,1.08,0.30,<LOD,1.70,5.69,0.26,0.78,0.13,<LOD,0.35,<LOD,0.44,<LOD,0.73,3.07,0.73,<LOD,0.63,<LOD,0.23,1.33,0.16,0.25,0.09
189,terminus,GI,2016/09/08 11:22,2016/09/08 ,11:22,6.99,20,10,,0.8,18.08226221,,-16.59181947,-120.8088091,108.69,100.00,213.5,102.69,282.69,6.24,128.19,56.44,3727.84,72.72,0.73,0.09,<LOD,0.68,5.62,0.39,193.03,63.07,0.56,0.35,0.75,0.38,1.99,0.41,1.33,0.08,<LOD,0.21,0.28,0.15,0.2,0.03,7.87,0.09,0.31,0.09,<LOD,0.31,52.19,0.11,0.71,0.21
116,terminus,GI,2016/09/11 12:05,2016/09/11 ,12:05,7.66,16,8,,0.9,13.27506427,,-16.16884605,-117.1719239,<LOD,100.00,<LOD,102.69,18.86,6.24,<LOD,56.44,1742.32,72.72,<LOD,0.09,<LOD,0.68,1.31,0.39,<LOD,63.07,<LOD,0.35,<LOD,0.38,<LOD,0.41,0.7,0.08,<LOD,0.21,0.21,0.15,0.11,0.03,1.96,0.09,<LOD,0.09,<LOD,0.31,4.10,0.11,0.37,0.21
192,terminus,GI,2016/09/13 14:18,2016/09/13 ,14:18,7.53,32,16,,1.9,104.9974293,,-15.95220903,-115.3321383,532.40,100.00,850.10,87.17,1379.04,0.99,406.26,54.49,4718.28,121.25,2.31,1.80,4.52,0.67,55.38,0.93,2184.02,44.95,9.07,0.30,9.94,1.70,24.59,0.26,5.47,0.13,<LOD,0.35,<LOD,0.44,<LOD,0.73,21.85,0.73,3.34,0.63,0.25,0.23,4.54,0.16,0.29,0.09
201,terminus,GI,2016/10/15 12:15,2016/10/15 ,12:15,,,,,,30.88431877,1.44,,,496.84,100.00,366.28,36.06,96.84,0.61,120.15,14.05,7605.17,58.04,<LOD,1.40,<LOD,0.65,2.76,1.37,<LOD,168.20,0.72,0.29,<LOD,1.12,2.52,0.39,2.82,0.05,<LOD,2.08,0.68,0.07,0.29,0.08,3.30,0.14,0.21,0.06,0.29,0.23,7.01,0.16,0.26,0.09
66,cabin_groundwater,GW,2016/07/16 08:06,2016/07/16 ,8:06,7.74,120,60,,12.9,387,,-16.51508854,-122.8282092,,,,,,,,,,,,,,,,,,,,,,,,,,,,,,,,,,,,,,,,,,
64,ground_seep,GW,2016/07/16 15:00,2016/07/16 ,15:00,8.14,86,43,,24.9,2126,,-14.42449797,-110.1072576,,,,,,,,,,,,,,,,,,,,,,,,,,,,,,,,,,,,,,,,,,
57,cabin_groundwater,GW,2016/07/17 18:54,2016/07/17 ,18:54,7.53,131,65,,17.5,404,,-16.21974683,-120.374008,1030.2,100.00,747.86,102.69,30.88,6.24,301.35,56.44,20177.77,72.72,0.13,0.09,<LOD,0.68,<LOD,0.39,<LOD,63.07,0.54,0.35,0.89,0.38,18.6,0.41,97.94,0.08,0.7,0.21,0.95,0.15,1.75,0.03,9.69,0.09,<LOD,0.09,<LOD,0.31,1.27,0.11,<LOD,0.21
,ground_terminus,GW,2016/08/18 15:11,2016/08/18 ,15:11,8.02,265,132,,11.4,,,,,,,,,,,,,,,,,,,,,,,,,,,,,,,,,,,,,,,,,,,,,,
,ground_terminus,GW,2016/08/19 15:05,2016/08/19 ,15:05,7.71,186,94,,11,,,,,,,,,,,,,,,,,,,,,,,,,,,,,,,,,,,,,,,,,,,,,,
,ground_terminus,GW,2016/08/20 15:10,2016/08/20 ,15:10,8.08,259,130,,16.9,,,,,,,,,,,,,,,,,,,,,,,,,,,,,,,,,,,,,,,,,,,,,,
151_GW1,cabin_groundwater,GW,2016/08/20 20:10,2016/08/20 ,20:10,,,,,,1926,,-15.06517818,-109.9736804,706.5,100.00,587.6,102.69,<LOD,6.24,164.46,56.44,16523.4,72.72,<LOD,0.09,<LOD,0.68,<LOD,0.39,<LOD,63.07,0.37,0.35,0.76,0.38,5.1,0.41,63.14,0.08,0.33,0.21,0.66,0.15,1.26,0.03,7.38,0.09,<LOD,0.09,<LOD,0.31,12.39,0.11,n.a.,0.21
153_GW3,cabin_groundwater,GW,2016/08/22 14:10,2016/08/22 ,14:10,,,,,,2046,,-15.72825608,-116.7322909,,,,,,,,,,,,,,,,,,,,,,,,,,,,,,,,,,,,,,,,,,
148_GW4,cabin_groundwater,GW,2016/08/23 13:30,2016/08/23 ,13:30,,,,,,,,-14.2965736,-107.354899,636.82,100.00,301.53,87.17,2.89,0.99,108.32,54.49,13068.67,121.25,<LOD,1.80,<LOD,0.67,<LOD,0.93,<LOD,44.95,1.02,0.30,<LOD,1.70,2.63,0.26,1.42,0.13,<LOD,0.35,<LOD,0.44,<LOD,0.73,4.82,0.73,<LOD,0.63,<LOD,0.23,3.18,0.16,0.25,0.09
,ground_terminus,GW,2016/08/23 18:20,2016/08/23 ,18:20,7.51,162,81,,10.7,,,,,,,,,,,,,,,,,,,,,,,,,,,,,,,,,,,,,,,,,,,,,,
112,ground_terminus,GW,2016/08/24 14:15,2016/08/24 ,14:15,7.8,182,91,,11.7,92,,-12.1957876,-91.71836493,,,,,,,,,,,,,,,,,,,,,,,,,,,,,,,,,,,,,,,,,,
149_GW5,ground_seep,GW,2016/08/25 10:55,2016/08/25 ,10:55,,,,,,1459,,-13.83788456,-105.0027817,,,,,,,,,,,,,,,,,,,,,,,,,,,,,,,,,,,,,,,,,,
103,ground_terminus,GW,2016/08/25 14:05,2016/08/25 ,14:05,8.04,147,73,,12,98,,-12.13531907,-93.59606333,,,,,,,,,,,,,,,,,,,,,,,,,,,,,,,,,,,,,,,,,,
181,cabin_groundwater,GW,2016/09/08 16:11,2016/09/08 ,16:11,7.45,97,49,,10.5,555.7429306,,-15.5968193,-119.7610602,1455.20,100.00,579.07,87.17,6.59,0.99,1157.20,54.49,12850.32,121.25,<LOD,1.80,<LOD,0.67,<LOD,0.93,<LOD,44.95,0.76,0.30,2.30,1.70,16.25,0.26,60.46,0.13,<LOD,0.35,0.66,0.44,1.07,0.73,6.47,0.73,<LOD,0.63,1.24,0.23,7.04,0.16,0.26,0.09
182,cabin_groundwater,GW,2016/09/09 09:30,2016/09/09 ,9:30,7.73,102,50,,6.6,521.2956298,,-15.89407083,-118.867596,,,,,,,,,,,,,,,,,,,,,,,,,,,,,,,,,,,,,,,,,,
176,ground_seep,GW,2016/09/09 12:21,2016/09/09 ,12:21,7.62,79,40,,8.7,1358,,-15.14093946,-113.5190828,,,,,,,,,,,,,,,,,,,,,,,,,,,,,,,,,,,,,,,,,,
122,cabin_groundwater,GW,2016/09/11 16:22,2016/09/11 ,16:22,7.27,96,48,,8,570.6529563,,-15.50297794,-116.8755116,727.3,100.00,694.18,102.69,<LOD,6.24,147.82,56.44,18779.01,72.72,<LOD,0.09,<LOD,0.68,<LOD,0.39,<LOD,63.07,<LOD,0.35,0.52,0.38,3.44,0.41,74.52,0.08,0.57,0.21,0.81,0.15,1.46,0.03,8.47,0.09,<LOD,0.09,<LOD,0.31,50.80,0.11,n.a.,0.21
173,ground_seep,GW,2016/09/12 10:18,2016/09/12 ,10:18,7.31,91,45,,7.8,1234,,-13.66815239,-101.313978,,,,,,,,,,,,,,,,,,,,,,,,,,,,,,,,,,,,,,,,,,
150_GW2,cabin_groundwater,GW,,,,,,,,,,,-15.85042653,-117.7799577,,,,,,,,,,,,,,,,,,,,,,,,,,,,,,,,,,,,,,,,,,
24,nellie_juan_delta,OD,2016/05/14 11:15,2016/05/14 ,11:15,7.77,39,20,,3.2,2520,1.49,-15.52008097,-113.2129157,534.73,100.00,246.24,87.17,25.90,0.99,109.24,54.49,5956.42,121.25,<LOD,1.80,<LOD,0.67,<LOD,0.93,<LOD,44.95,0.40,0.30,<LOD,1.70,5.98,0.26,0.45,0.13,<LOD,0.35,<LOD,0.44,<LOD,0.73,2.79,0.73,<LOD,0.63,0.54,0.23,2.82,0.16,0.45,0.09
W16K-197,nellie_juan_delta,OD,2016/05/14 11:30,2016/05/14,11:30,,,,,,,,-13.92748425,-109.727842,,,,,,,,,,,,,,,,,,,,,,,,,,,,,,,,,,,,,,,,,,
W16K-198,nellie_juan_delta_iso,OD,2016/05/14 11:35,2016/05/14,11:35,,,,,,,,-15.35704928,-112.6917882,,,,,,,,,,,,,,,,,,,,,,,,,,,,,,,,,,,,,,,,,,
W16K-199,nellie_juan_delta_iso,OD,2016/05/14 11:40,2016/05/14,11:40,,,,,,,,-16.25993646,-117.8525666,,,,,,,,,,,,,,,,,,,,,,,,,,,,,,,,,,,,,,,,,,
W16K-200,nellie_juan_delta_iso,OD,2016/05/14 12:00,2016/05/14,12:00,,,,,,,,-16.41998274,-118.5407307,,,,,,,,,,,,,,,,,,,,,,,,,,,,,,,,,,,,,,,,,,
39,nellie_juan_delta,OD,2016/06/02 11:20,2016/06/02 ,11:20,7.27,41,20,,3.6,277,1.5,-15.98600013,-116.7871295,551.34,100.00,278.68,87.17,25.33,0.99,164.63,54.49,5683.30,121.25,<LOD,1.80,<LOD,0.67,1.40,0.93,<LOD,44.95,0.35,0.30,<LOD,1.70,5.78,0.26,0.64,0.13,<LOD,0.35,0.59,0.44,<LOD,0.73,2.97,0.73,<LOD,0.63,0.61,0.23,3.57,0.16,0.45,0.09
37,nellie_juan_delta,OD,2016/07/14 10:30,2016/07/14 ,10:30,,,,,,376,1.91,-15.98678764,-115.9931444,,,,,,,,,,,,,,,,,,,,,,,,,,,,,,,,,,,,,,,,,,
61,nellie_juan_delta,OD,2016/07/19 12:06,2016/07/19 ,12:06,7.68,28,14,,6.2,142,,-15.7385251,-113.2058674,,,,,,,,,,,,,,,,,,,,,,,,,,,,,,,,,,,,,,,,,,
142_NJ1,nellie_juan_delta,OD,2016/08/26 12:30,2016/08/26 ,12:30,,,,,,,,-15.22451909,-110.7058386,365.33,100.00,259.20,87.17,9.34,0.99,141.09,54.49,4548.25,121.25,<LOD,1.80,<LOD,0.67,2.97,0.93,<LOD,44.95,0.36,0.30,<LOD,1.70,3.95,0.26,0.48,0.13,<LOD,0.35,<LOD,0.44,<LOD,0.73,3.01,0.73,<LOD,0.63,0.25,0.23,3.47,0.16,0.38,0.09
141_NJ3,nellie_juan_delta,OD,2016/08/26 12:45,2016/08/26 ,12:45,,,,,,913,,-15.08280781,-109.5809858,,,,,,,,,,,,,,,,,,,,,,,,,,,,,,,,,,,,,,,,,,
143_NJ2,nellie_juan_delta,OD,2016/08/26 12:55,2016/08/26 ,12:55,,,,,,860,,-15.19711988,-109.7675161,,,,,,,,,,,,,,,,,,,,,,,,,,,,,,,,,,,,,,,,,,
195,nellie_juan_delta,OD,2016/09/13 14:08,2016/09/13 ,14:08,7.4,45,22,,6.5,982.6,,-14.80514361,-105.3626568,<LOD,100.00,328.64,87.17,679.71,0.99,120.78,54.49,1274.01,121.25,<LOD,1.80,2.36,0.67,28.92,0.93,1116.08,44.95,2.95,0.30,3.76,1.70,23.67,0.26,1.04,0.13,<LOD,0.35,<LOD,0.44,<LOD,0.73,11.31,0.73,1.47,0.63,<LOD,0.23,<LOD,0.16,0.11,0.09
97,rain_cabin_pool,R,2016/08/21 09:10,2016/08/21 ,9:10,7.87,16,8,,10.9,553,,-6.172137806,-71.70943766,,,,,,,,,,,,,,,,,,,,,,,,,,,,,,,,,,,,,,,,,,
110,rain_cabin_pool,R,2016/08/22 12:40,2016/08/22 ,12:40,8.35,12,6,,11,473,,-9.866090219,-83.7690427,,,,,,,,,,,,,,,,,,,,,,,,,,,,,,,,,,,,,,,,,,
111,rain_cabin_pool,R,2016/08/24 14:40,2016/08/24 ,14:40,7.93,11,5,,13,396,,-10.31105998,-83.92919774,,,,,,,,,,,,,,,,,,,,,,,,,,,,,,,,,,,,,,,,,,
170,rain_cabin,R,2016/09/09 09:46,2016/09/09 ,9:46,,,,,,402.529563,,-17.59454749,-137.6513761,,,,,,,,,,,,,,,,,,,,,,,,,,,,,,,,,,,,,,,,,,
177,rain_cabin,R,2016/09/11 17:09,2016/09/11 ,17:09,7.82,2,1,,7.7,385.8200514,,-12.80240831,-98.20315861,,,,,,,,,,,,,,,,,,,,,,,,,,,,,,,,,,,,,,,,,,
152_Bench1,bench_outlet,SBG,2016/08/20 18:05,2016/08/20 ,18:05,,,,,,2608,,,,,,,,,,,,,,,,,,,,,,,,,,,,,,,,,,,,,,,,,,,,,
93,bench_outlet,SBG,2016/08/21 12:00,2016/08/21 ,12:00,,,,,,987,,-15.70847969,-118.3602057,437.13,100.00,221.22,36.06,14.50,0.61,144.75,14.05,9828.23,58.04,<LOD,1.40,<LOD,0.65,<LOD,1.37,<LOD,168.20,<LOD,0.29,<LOD,1.12,1.16,0.39,2.01,0.05,<LOD,2.08,0.50,0.07,0.42,0.08,2.30,0.14,<LOD,0.06,0.08,0.06,3.70,1.19,1.46,0.48
155_Bench3,bench_outlet,SBG,2016/08/22 14:35,2016/08/22 ,14:35,,,,,,2495,,-15.64689697,-115.1919896,<LOD,100.00,<LOD,36.06,7.24,0.61,54.26,14.05,763.78,58.04,<LOD,1.40,<LOD,0.65,1.46,1.37,<LOD,168.20,0.33,0.29,<LOD,1.12,2.83,0.39,0.19,0.05,<LOD,2.08,<LOD,0.07,0.23,0.08,1.69,0.14,<LOD,0.06,0.10,0.06,<LOD,1.19,<LOD,0.48
154_Bench4,bench_outlet,SBG,2016/08/23 10:25,2016/08/23 ,10:25,,,,,,674,,-15.82573796,-115.1794056,<LOD,100.00,<LOD,36.06,7.89,0.61,39.00,14.05,417.98,58.04,<LOD,1.40,<LOD,0.65,<LOD,1.37,<LOD,168.20,<LOD,0.29,<LOD,1.12,1.35,0.39,0.05,0.05,<LOD,2.08,<LOD,0.07,0.17,0.08,0.84,0.14,<LOD,0.06,0.07,0.06,<LOD,1.19,<LOD,0.48
108,bench_outlet,SBG,2016/08/23 17:15,2016/08/23 ,17:15,,,,,,2427,,-15.85156873,-118.5692881,<LOD,100.00,<LOD,36.06,19.64,0.61,34.50,14.05,968.51,58.04,<LOD,1.40,<LOD,0.65,2.05,1.37,<LOD,168.20,0.37,0.29,<LOD,1.12,1.91,0.39,0.19,0.05,<LOD,2.08,0.07,0.07,0.20,0.08,1.30,0.14,<LOD,0.06,0.08,0.06,<LOD,1.19,<LOD,0.48
147_Bench5,bench_outlet,SBG,2016/08/25 13:20,2016/08/25 ,13:20,,,,,,954,,-15.29215531,-110.6405361,,,,,,,,,,,,,,,,,,,,,,,,,,,,,,,,,,,,,,,,,,
196,bench_outlet,SBG,2016/09/08 16:37,2016/09/08 ,16:37,7.69,7,4,,0.1,744,,-16.25961848,-118.6214437,<LOD,100.00,192.06,36.06,384.67,0.61,83.81,14.05,1835.29,58.04,<LOD,1.40,1.11,0.65,16.98,1.37,760.67,168.20,3.54,0.29,3.13,1.12,6.28,0.39,1.20,0.05,<LOD,2.08,0.09,0.07,0.14,0.08,6.03,0.14,1.08,0.06,<LOD,0.06,<LOD,1.19,<LOD,0.48
184,bench_outlet,SBG,2016/09/09 10:23,2016/09/09 ,10:23,7.99,7,3,,0.1,690.5,,-16.17627773,-119.3691533,258.48,100.00,106.01,36.06,168.02,0.61,298.17,14.05,1329.39,58.04,<LOD,1.40,<LOD,0.65,7.79,1.37,282.94,168.20,1.85,0.29,2.66,1.12,7.95,0.39,0.59,0.05,<LOD,2.08,0.08,0.07,0.12,0.08,3.48,0.14,0.54,0.06,0.10,0.06,1.21,1.19,<LOD,0.48
175,bench_outlet,SBG,2016/09/11 16:40,2016/09/11 ,16:40,7.78,5,3,,0.2,685.9,,-15.91163155,-117.9088587,1080.86,100.00,137.89,36.06,231.93,0.61,692.14,14.05,1810.08,58.04,<LOD,1.40,0.71,0.65,10.83,1.37,417.66,168.20,2.54,0.29,4.09,1.12,11.25,0.39,0.85,0.05,<LOD,2.08,<LOD,0.07,0.14,0.08,4.70,0.14,0.81,0.06,0.39,0.06,<LOD,1.19,1.19,0.48
W16K-195,Supraglacial sampling,SPG,2016/05/13 12:00,2016/05/13,12:00,,,,,,,,,,,,,,,,,,,,,,,,,,,,,,,,,,,,,,,,,,,,,,,,,,,
69,supraglacial,SPG,2016/07/15 14:17,2016/07/15 ,14:17,7.15,1,0,,0.2,85,,-15.64444279,-114.3251938,,,,,,,,,,,,,,,,,,,,,,,,,,,,,,,,,,,,,,,,,,
59,supraglacial,SPG,2016/07/16 12:57,2016/07/16 ,12:57,7.05,1,0,,0.2,51,,-15.55521134,-114.7876174,<LOD,100.00,<LOD,102.69,19.93,6.24,<LOD,56.44,835.76,72.72,<LOD,0.09,<LOD,0.68,<LOD,0.39,<LOD,63.07,<LOD,0.35,<LOD,0.38,5.64,0.41,0.16,0.08,<LOD,0.21,<LOD,0.15,<LOD,0.03,1.01,0.09,<LOD,0.09,0.78,0.31,10.53,0.11,0.01,0.21
53,supraglacial,SPG,2016/07/17 13:59,2016/07/17 ,13:59,6.7,1,0,,0.2,44,,-15.68798709,-115.2439325,169.52,100.00,<LOD,87.17,21.05,0.99,301.56,54.49,804.76,121.25,<LOD,1.80,<LOD,0.67,<LOD,0.93,<LOD,44.95,<LOD,0.30,<LOD,1.70,29.13,0.26,<LOD,0.13,<LOD,0.35,<LOD,0.44,<LOD,0.73,1.18,0.73,<LOD,0.63,0.63,0.23,0.98,0.16,0.20,0.09
145_EP1,supraglacial,SPG,2016/08/21 11:10,2016/08/21 ,11:10,,,,,,1175,,-15.67035459,-112.1247916,,,,,,,,,,,,,,,,,,,,,,,,,,,,,,,,,,,,,,,,,,
,supraglacial,SPG,2016/08/21 14:28,2016/08/21 ,14:28,8.21,1,0,,0.3,,,,,,,,,,,,,,,,,,,,,,,,,,,,,,,,,,,,,,,,,,,,,,
109,supraglacial,SPG,2016/08/23 12:45,2016/08/23 ,12:45,6.88,1,0,,0.1,115,,-15.07647643,-113.9820506,<LOD,100.00,<LOD,102.69,8.35,6.24,<LOD,56.44,256.66,72.72,<LOD,0.09,<LOD,0.68,<LOD,0.39,<LOD,63.07,<LOD,0.35,<LOD,0.38,3.73,0.41,<LOD,0.08,<LOD,0.21,<LOD,0.15,,0.03,1.24,0.09,<LOD,0.09,<LOD,0.31,8.49,0.11,n.a.,0.21
187,supraglacial,SPG,2016/09/08 10:47,2016/09/08 ,10:47,6.42,1,0,,0.2,33.66066838,,-16.24248981,-117.9744301,,,,,,,,,,,,,,,,,,,,,,,,,,,,,,,,,,,,,,,,,,
172,supraglacial,SPG,2016/09/11 11:28,2016/09/11 ,11:28,7.4,1,0,,0.1,49.11053985,,-15.93451152,-116.5883907,<LOD,100.00,<LOD,102.69,<LOD,6.24,64.78,56.44,149.76,72.72,<LOD,0.09,<LOD,0.68,<LOD,0.39,<LOD,63.07,<LOD,0.35,0.45,0.38,10.1,0.41,<LOD,0.08,<LOD,0.21,<LOD,0.15,0.05,0.03,1.58,0.09,<LOD,0.09,<LOD,0.31,53.02,0.11,0.45,0.21
115,supraglacial,SPG,2016/09/12 10:46,2016/09/12 ,10:46,6.46,1,0,,0.2,44.53470437,,-14.77096387,-105.9198538,<LOD,100.00,<LOD,87.17,22.94,0.99,<LOD,54.49,<LOD,121.25,<LOD,1.80,<LOD,0.67,<LOD,0.93,<LOD,44.95,<LOD,0.30,<LOD,1.70,0.69,0.26,<LOD,0.13,<LOD,0.35,<LOD,0.44,<LOD,0.73,0.93,0.73,<LOD,0.63,<LOD,0.23,<LOD,0.16,0.10,0.09
W16K-196,surface_snow,SS,2016/05/13 17:30,2016/05/13,17:30,,,,,,,,-18.65574077,-138.3850664,,,,,,,,,,,,,,,,,,,,,,,,,,,,,,,,,,,,,,,,,,
W16K-202,surface_snow,SS,2016/05/14 12:35,2016/05/14,12:35,,,,,,,,,,,,,,,,,,,,,,,,,,,,,,,,,,,,,,,,,,,,,,,,,,,
10,lake_inlet,TS,2016/05/12 10:15,2016/05/12 ,10:15,6.65,35,22,,0.5,956,1.43,-17.76455143,-130.7372692,617.87,100.00,162.73,102.69,15.2,6.24,59.42,56.44,7391.16,72.72,<LOD,0.09,<LOD,0.68,<LOD,0.39,<LOD,63.07,<LOD,0.35,<LOD,0.38,5.28,0.41,0.71,0.08,<LOD,0.21,0.28,0.15,0.83,0.03,3.79,0.09,<LOD,0.09,<LOD,0.31,1.46,0.11,<LOD,0.21
4,lake_inlet,TS,2016/05/12 16:00,2016/05/12 ,16:00,7.03,39,19,,0.4,943,1.39,-18.05407791,-131.7607558,586.57,100.00,121.20,87.17,22.86,0.99,<LOD,54.49,6666.70,121.25,<LOD,1.80,<LOD,0.67,<LOD,0.93,<LOD,44.95,0.33,0.30,<LOD,1.70,3.11,0.26,0.57,0.13,<LOD,0.35,<LOD,0.44,<LOD,0.73,3.75,0.73,<LOD,0.63,0.64,0.23,2.14,0.16,0.29,0.09
28,cabin_stream,TS,2016/05/13 16:03,2016/05/13 ,16:03,8.08,60,30,,0.8,716,1.62,-18.21402366,-134.3707874,,,,,,,,,,,,,,,,,,,,,,,,,,,,,,,,,,,,,,,,,,
12,lake_inlet,TS,2016/05/30 16:50,2016/05/30 ,16:50,7.92,18,9,53.34,1.1,697,,-16.33465403,-119.0119177,,,,,,,,,,,,,,,,,,,,,,,,,,,,,,,,,,,,,,,,,,
32,tundra_longlake,TS,2016/05/30 17:49,2016/05/30 ,17:49,7.27,22,11,56.39,0.6,295,,-17.20346889,-125.9760909,,,,,,,,,,,,,,,,,,,,,,,,,,,,,,,,,,,,,,,,,,
34,tundra_west,TS,2016/05/31 14:52,2016/05/31 ,14:52,7.85,11,5,,2.6,303,,-16.02732553,-118.3001267,,,,,,,,,,,,,,,,,,,,,,,,,,,,,,,,,,,,,,,,,,
36,lake_inlet,TS,2016/06/01 09:36,2016/06/01 ,9:36,6.67,19,9,57.3,1.5,409,1.36,-17.2671759,-125.5215705,111.32,100.00,<LOD,87.17,16.32,0.99,<LOD,54.49,1615.27,121.25,<LOD,1.80,<LOD,0.67,<LOD,0.93,<LOD,44.95,<LOD,0.30,<LOD,1.70,1.71,0.26,0.22,0.13,<LOD,0.35,<LOD,0.44,<LOD,0.73,1.55,0.73,<LOD,0.63,0.23,0.23,0.51,0.16,0.19,0.09
33,tundra_waterfall,TS,2016/06/01 12:10,2016/06/01 ,12:10,7.87,24,12,,8.4,451,1.34,-15.93254176,-116.7643245,,,,,,,,,,,,,,,,,,,,,,,,,,,,,,,,,,,,,,,,,,
38,tundra_west,TS,2016/06/01 14:30,2016/06/01 ,14:30,7.82,21,11,60.35,1.4,273,1.38,-17.58893606,-128.9103723,,,,,,,,,,,,,,,,,,,,,,,,,,,,,,,,,,,,,,,,,,
42,camp lake,TS,2016/07/14 12:17,2016/07/14 ,12:17,6.75,17,9,,23.7,806,,-12.81550016,-106.7920228,,,,,,,,,,,,,,,,,,,,,,,,,,,,,,,,,,,,,,,,,,
45,lake_inlet,TS,2016/07/14 13:56,2016/07/14 ,13:56,7.65,18,9,,16.1,391,,-13.84843711,-109.220304,,,,,,,,,,,,,,,,,,,,,,,,,,,,,,,,,,,,,,,,,,
44,tundra_longlake,TS,2016/07/14 14:50,2016/07/14 ,14:50,7.76,9,4,,4.7,147,,-15.76172849,-115.3357184,,,,,,,,,,,,,,,,,,,,,,,,,,,,,,,,,,,,,,,,,,
43,tundra_west,TS,2016/07/14 15:44,2016/07/14 ,15:44,6.72,17,9,,15.5,263,,-15.28463007,-111.9286606,,,,,,,,,,,,,,,,,,,,,,,,,,,,,,,,,,,,,,,,,,
65,lake_inlet,TS,2016/07/16 09:56,2016/07/16 ,9:56,8.07,22,11,,10.3,313,,-15.43224283,-113.4135609,,,,,,,,,,,,,,,,,,,,,,,,,,,,,,,,,,,,,,,,,,
55,tundra_waterfall,TS,2016/07/16 11:59,2016/07/16 ,11:59,8.05,49,25,,16.3,436,,-15.20163303,-110.7575259,,,,,,,,,,,,,,,,,,,,,,,,,,,,,,,,,,,,,,,,,,
56,lake_inlet,TS,2016/07/17 09:08,2016/07/17 ,9:08,7.71,21,10,,9.7,283,,-14.1409618,-109.0429499,156.79,100.00,<LOD,377.84,<LOD,9.24,<LOD,380.73,<LOD,378.38,<LOD,3.67,<LOD,4.11,<LOD,3.46,<LOD,383.67,<LOD,3.51,<LOD,3.98,<LOD,2.99,<LOD,3.27,<LOD,3.98,<LOD,3.32,<LOD,3.32,<LOD,3.38,<LOD,4.03,<LOD,0.31,1.02,0.11,n.a.,0.21
52,tundra_waterfall,TS,2016/07/17 13:08,2016/07/17 ,13:08,7.6,49,25,,16.3,485,,-15.0510888,-110.3887543,,,,,,,,,,,,,,,,,,,,,,,,,,,,,,,,,,,,,,,,,,
60,cabin_stream,TS,2016/07/17 16:54,2016/07/17 ,16:54,7.64,34,17,,10.4,279,,-15.60529283,-116.0556913,339.30,100.00,157.71,87.17,51.47,0.99,<LOD,54.49,5511.38,121.25,<LOD,1.80,<LOD,0.67,<LOD,0.93,<LOD,44.95,<LOD,0.30,<LOD,1.70,4.37,0.26,0.52,0.13,<LOD,0.35,<LOD,0.44,<LOD,0.73,2.76,0.73,<LOD,0.63,<LOD,0.23,2.85,0.16,0.29,0.09
58,lake_inlet,TS,2016/07/18 09:46,2016/07/18 ,9:46,7.47,23,11,,10.6,326,,-15.14187769,-112.0881899,363.84,100.00,<LOD,102.69,40.94,6.24,153.15,56.44,4947.82,72.72,<LOD,0.09,<LOD,0.68,<LOD,0.39,<LOD,63.07,<LOD,0.35,1.44,0.38,11.74,0.41,4.64,0.08,<LOD,0.21,0.25,0.15,0.18,0.03,2.31,0.09,<LOD,0.09,<LOD,0.31,44.75,0.11,n.a.,0.21
54,tundra_longlake,TS,2016/07/18 14:12,2016/07/18 ,14:12,7.49,11,6,49,5.4,131,,-15.37180059,-111.2903418,,,,,,,,,,,,,,,,,,,,,,,,,,,,,,,,,,,,,,,,,,
74,tundra_tcamp,TS,2016/08/15 09:45,2016/08/15 ,9:45,,,,,,1394,,-11.34377999,-85.86986237,,,,,,,,,,,,,,,,,,,,,,,,,,,,,,,,,,,,,,,,,,
,tundra_tcamp,TS,2016/08/16 14:14,2016/08/16 ,14:14,8.2,86,43,,10.9,,,,,,,,,,,,,,,,,,,,,,,,,,,,,,,,,,,,,,,,,,,,,,
,tundra_tcamp,TS,2016/08/16 18:10,2016/08/16 ,18:10,8.13,91,45,,10.7,,,,,,,,,,,,,,,,,,,,,,,,,,,,,,,,,,,,,,,,,,,,,,
,tundra_tcamp,TS,2016/08/17 09:45,2016/08/17 ,9:45,8.26,101,51,,10.2,,,,,,,,,,,,,,,,,,,,,,,,,,,,,,,,,,,,,,,,,,,,,,
,tundra_tcamp,TS,2016/08/17 14:45,2016/08/17 ,14:45,8.08,66,33,,10.9,,,,,,,,,,,,,,,,,,,,,,,,,,,,,,,,,,,,,,,,,,,,,,
,tundra_tcamp,TS,2016/08/17 17:45,2016/08/17 ,17:45,7.94,78,39,,10.9,,,,,,,,,,,,,,,,,,,,,,,,,,,,,,,,,,,,,,,,,,,,,,
,tundra_tcamp,TS,2016/08/18 09:45,2016/08/18 ,9:45,8.07,91,45,,9.9,,,,,,,,,,,,,,,,,,,,,,,,,,,,,,,,,,,,,,,,,,,,,,
,tundra_tcamp,TS,2016/08/18 14:44,2016/08/18 ,14:44,8.09,94,47,,12.3,,,,,,,,,,,,,,,,,,,,,,,,,,,,,,,,,,,,,,,,,,,,,,
,tundra_tcamp2,TS,2016/08/18 15:20,2016/08/18 ,15:20,8.2,124,62,,11.8,,,,,,,,,,,,,,,,,,,,,,,,,,,,,,,,,,,,,,,,,,,,,,
,tundra_tcamp,TS,2016/08/18 17:45,2016/08/18 ,17:45,8.02,97,48,,13.4,,,,,,,,,,,,,,,,,,,,,,,,,,,,,,,,,,,,,,,,,,,,,,
136,tundra_tcamp,TS,2016/08/19 09:50,2016/08/19 ,9:50,8.06,113,56,,10.3,638,,-12.12211709,-90.86732558,,,,,,,,,,,,,,,,,,,,,,,,,,,,,,,,,,,,,,,,,,
135,tundra_tcamp,TS,2016/08/19 14:45,2016/08/19 ,14:45,7.73,118,58,,11.4,599,,-12.03344367,-89.212765,,,,,,,,,,,,,,,,,,,,,,,,,,,,,,,,,,,,,,,,,,
,tundra_tcamp2,TS,2016/08/19 15:10,2016/08/19 ,15:10,8.01,136,68,,10.1,,,,,,,,,,,,,,,,,,,,,,,,,,,,,,,,,,,,,,,,,,,,,,
134,tundra_tcamp,TS,2016/08/19 17:45,2016/08/19 ,17:45,7.9,123,62,,12,605,,-12.2122032,-92.17958675,,,,,,,,,,,,,,,,,,,,,,,,,,,,,,,,,,,,,,,,,,
133,tundra_tcamp,TS,2016/08/20 09:50,2016/08/20 ,9:50,8.1,140,70,,10.8,547,,-12.53933735,-92.63504718,,,,,,,,,,,,,,,,,,,,,,,,,,,,,,,,,,,,,,,,,,
132,tundra_tcamp,TS,2016/08/20 14:50,2016/08/20 ,14:50,7.87,136,68,,13,600,,-12.61122268,-94.1843324,,,,,,,,,,,,,,,,,,,,,,,,,,,,,,,,,,,,,,,,,,
,tundra_tcamp2,TS,2016/08/20 15:05,2016/08/20 ,15:05,8,147,73,,11.1,,,,,,,,,,,,,,,,,,,,,,,,,,,,,,,,,,,,,,,,,,,,,,
131,tundra_tcamp,TS,2016/08/20 17:48,2016/08/20 ,17:48,7.19,140,70,,13.8,570,,-12.5770577,-94.05909196,,,,,,,,,,,,,,,,,,,,,,,,,,,,,,,,,,,,,,,,,,
130,tundra_tcamp,TS,2016/08/21 09:45,2016/08/21 ,9:45,7.73,146,73,,11,497,,-12.62991472,-96.04453042,,,,,,,,,,,,,,,,,,,,,,,,,,,,,,,,,,,,,,,,,,
129,tundra_tcamp,TS,2016/08/21 18:55,2016/08/21 ,18:55,7.5,149,75,,10.9,523,,-13.03914405,-98.43042573,,,,,,,,,,,,,,,,,,,,,,,,,,,,,,,,,,,,,,,,,,
128,tundra_tcamp,TS,2016/08/22 09:45,2016/08/22 ,9:45,8.1,159,80,,10,526,,-13.02499374,-98.51672111,,,,,,,,,,,,,,,,,,,,,,,,,,,,,,,,,,,,,,,,,,
127,tundra_tcamp,TS,2016/08/22 17:45,2016/08/22 ,17:45,7.4,74,37,,11,1125,,-11.59981306,-89.29735444,,,,,,,,,,,,,,,,,,,,,,,,,,,,,,,,,,,,,,,,,,
126,tundra_tcamp,TS,2016/08/23 09:45,2016/08/23 ,9:45,7.77,89,44,,10.1,880,,-12.23261403,-93.1743369,,,,,,,,,,,,,,,,,,,,,,,,,,,,,,,,,,,,,,,,,,
144_Lake1,lake_inlet,TS,2016/08/23 15:00,2016/08/23 ,15:00,,,,,,,,-14.06671665,-105.0765354,410.88,100.00,<LOD,87.17,17.13,0.99,<LOD,54.49,5352.35,121.25,<LOD,1.80,<LOD,0.67,<LOD,0.93,<LOD,44.95,<LOD,0.30,<LOD,1.70,1.32,0.26,1.02,0.13,<LOD,0.35,<LOD,0.44,<LOD,0.73,3.73,0.73,<LOD,0.63,<LOD,0.23,1.65,0.16,0.25,0.09
125,tundra_tcamp,TS,2016/08/23 17:45,2016/08/23 ,17:45,7.25,89,44,,10.9,924,,-12.49168405,-93.26213329,,,,,,,,,,,,,,,,,,,,,,,,,,,,,,,,,,,,,,,,,,
,tundra_tcamp2,TS,2016/08/23 18:25,2016/08/23 ,18:25,7.71,55,27,,10.1,,,,,,,,,,,,,,,,,,,,,,,,,,,,,,,,,,,,,,,,,,,,,,
124,tundra_tcamp,TS,2016/08/24 09:45,2016/08/24 ,9:45,7.99,95,47,,10.5,852,,-12.36590405,-92.16606666,,,,,,,,,,,,,,,,,,,,,,,,,,,,,,,,,,,,,,,,,,
123,tundra_tcamp,TS,2016/08/24 17:45,2016/08/24 ,17:45,7.77,71,36,,11.5,1102,,-11.53529586,-84.95358936,,,,,,,,,,,,,,,,,,,,,,,,,,,,,,,,,,,,,,,,,,
146_Lake2,lake_inlet,TS,2016/08/25 10:20,2016/08/25 ,10:20,,,,,,2118,,-13.5593744,-101.1213158,364.76,100.00,117.44,102.69,19.35,6.24,<LOD,56.44,6126.38,72.72,<LOD,0.09,<LOD,0.68,<LOD,0.39,<LOD,63.07,<LOD,0.35,0.38,0.38,3.01,0.41,1.67,0.08,<LOD,0.21,0.4,0.15,0.33,0.03,5.4,0.09,<LOD,0.09,<LOD,0.31,0.30,0.11,n.a.,0.21
104,tundra_tcamp,TS,2016/08/25 14:00,2016/08/25 ,14:00,7.7,78,39,,11.8,869,,-12.70720449,-94.96141483,,,,,,,,,,,,,,,,,,,,,,,,,,,,,,,,,,,,,,,,,,
107,tundra_longlake,TS,2016/09/07 14:20,2016/09/07 ,14:20,7.7,22,11,,10.3,272.966581,,-14.37535708,-105.621662,,,,,,,,,,,,,,,,,,,,,,,,,,,,,,,,,,,,,,,,,,
106,lake_inlet,TS,2016/09/07 14:45,2016/09/07 ,14:45,7.78,46,23,,11.7,1344,,-14.14749319,-106.0608783,,,,,,,,,,,,,,,,,,,,,,,,,,,,,,,,,,,,,,,,,,
119,cabin_stream,TS,2016/09/08 07:37,2016/09/08 ,7:37,7.92,59,29,,6.4,1153,,-15.26841999,-116.6309616,,,,,,,,,,,,,,,,,,,,,,,,,,,,,,,,,,,,,,,,,,
186,tundra_waterfall,TS,2016/09/08 11:33,2016/09/08 ,11:33,7.78,62,31,,8.5,1315,,-14.12749175,-106.6577828,,,,,,,,,,,,,,,,,,,,,,,,,,,,,,,,,,,,,,,,,,
188,tundra_west,TS,2016/09/08 13:51,2016/09/08 ,13:51,7.73,43,21,,7.7,184.3804627,,-13.85185445,-104.7598221,,,,,,,,,,,,,,,,,,,,,,,,,,,,,,,,,,,,,,,,,,
185,cabin_stream,TS,2016/09/09 10:02,2016/09/09 ,10:02,8.04,61,30,,6.2,982.8,,-15.56483197,-117.6867058,388.53,100.00,201.83,87.17,3.26,0.99,<LOD,54.49,6233.29,121.25,<LOD,1.80,<LOD,0.67,<LOD,0.93,<LOD,44.95,<LOD,0.30,<LOD,1.70,1.11,0.26,0.57,0.13,<LOD,0.35,<LOD,0.44,<LOD,0.73,3.18,0.73,<LOD,0.63,<LOD,0.23,3.03,0.16,0.19,0.09
178,lake_inlet,TS,2016/09/09 11:27,2016/09/09 ,11:27,7.75,47,24,,6.7,1249,,-14.09177491,-107.6327905,,,,,,,,,,,,,,,,,,,,,,,,,,,,,,,,,,,,,,,,,,
105,tundra_longlake,TS,2016/09/09 11:47,2016/09/09 ,11:47,7.83,22,11,,8.2,213.840617,,-14.56612813,-106.60238,,,,,,,,,,,,,,,,,,,,,,,,,,,,,,,,,,,,,,,,,,
120,lake_inlet,TS,2016/09/11 10:00,2016/09/11 ,10:00,7.02,53,27,,6.2,1337,,-14.13042268,-107.3277483,759.75,100.00,200.7,102.69,6.53,6.24,<LOD,56.44,9948.05,72.72,<LOD,0.09,<LOD,0.68,<LOD,0.39,<LOD,63.07,<LOD,0.35,0.41,0.38,2.74,0.41,0.83,0.08,<LOD,0.21,0.38,0.15,0.25,0.03,5.47,0.09,0.1,0.09,<LOD,0.31,1.67,0.11,<LOD,0.21
183,tundra_waterfall,TS,2016/09/11 12:14,2016/09/11 ,12:14,7.61,60,29,,7.5,1262,,-14.04774336,-104.0382596,,,,,,,,,,,,,,,,,,,,,,,,,,,,,,,,,,,,,,,,,,
180,tundra_west,TS,2016/09/11 13:40,2016/09/11 ,13:40,7.65,38,19,,6.8,262.4267352,,-14.00350923,-104.5993464,,,,,,,,,,,,,,,,,,,,,,,,,,,,,,,,,,,,,,,,,,
121,tundra_longlake,TS,2016/09/11 14:12,2016/09/11 ,14:12,7.69,23,11,,7.8,221.2956298,,-14.30908982,-104.6071553,,,,,,,,,,,,,,,,,,,,,,,,,,,,,,,,,,,,,,,,,,
179,cabin_stream,TS,2016/09/11 16:58,2016/09/11 ,16:58,7.35,56,28,,6.8,1004,,-14.87328225,-115.3915033,,,,,,,,,,,,,,,,,,,,,,,,,,,,,,,,,,,,,,,,,,
171,lake_inlet,TS,2016/09/12 09:33,2016/09/12 ,9:33,6.84,33,17,,7.3,2544,,-13.31699874,-99.80606953,299.95,100.00,<LOD,87.17,28.98,0.99,93.60,54.49,3813.29,121.25,<LOD,1.80,<LOD,0.67,<LOD,0.93,<LOD,44.95,0.31,0.30,<LOD,1.70,3.74,0.26,0.83,0.13,<LOD,0.35,<LOD,0.44,<LOD,0.73,3.19,0.73,<LOD,0.63,<LOD,0.23,1.05,0.16,0.16,0.09
114,tundra_longlake,TS,2016/09/12 11:29,2016/09/12 ,11:29,6.59,22,11,,7.7,376.8226221,,-13.99579521,-99.94372104,,,,,,,,,,,,,,,,,,,,,,,,,,,,,,,,,,,,,,,,,,
199,tundra_west,TS,2016/09/12 12:16,2016/09/12 ,12:16,7.51,23,11,,8.1,650.8586118,,-12.99868956,-95.65465615,,,,,,,,,,,,,,,,,,,,,,,,,,,,,,,,,,,,,,,,,,
174,cabin_stream,TS,2016/09/12 13:47,2016/09/12 ,13:47,7.44,47,24,,8.4,1503,,-13.97403972,-102.5801322,627.05,100.00,293.84,87.17,11.52,0.99,256.78,54.49,6586.87,121.25,<LOD,1.80,<LOD,0.67,<LOD,0.93,<LOD,44.95,<LOD,0.30,<LOD,1.70,2.74,0.26,0.52,0.13,<LOD,0.35,<LOD,0.44,<LOD,0.73,4.34,0.73,<LOD,0.63,0.41,0.23,4.18,0.16,0.23,0.09
203,lake_inlet,TS,2016/10/15 12:00,2016/10/15 ,12:00,,,,,,1197,1.41,,,681.91,100.00,179.31,36.06,8.09,0.61,31.40,14.05,9370.24,58.04,<LOD,1.40,<LOD,0.65,<LOD,1.37,<LOD,168.20,0.36,0.29,<LOD,1.12,1.30,0.39,0.42,0.05,<LOD,2.08,0.34,0.07,0.15,0.08,4.60,0.14,<LOD,0.06,<LOD,0.23,2.17,0.16,0.23,0.09
,,,,,,,,,,,,,,,,,,,,,,,,,,,,,,,,,,,,,,,,,,,,,,,,,,,,,,,,
,,,,,,,,,,,,,,,,,,,,,,,,,,,,,,,,,,,,,,,,,,,,,,,,,,,,,,,,
,,,,,,,,,,,,,,,,,,,,,,,,,,,,,,,,,,,,,,,,,,,,,,,,,,,,,,,,
,,,,,,,,,,,,,,,,,,,,,,,,,,,,,,,,,,,,,,,,,,,,,,,,,,,,,,,,
,,,,,,,,,,,,,,,,,,,,,,,,,,,,,,,,,,,,,,,,,,,,,,,,,,,,,,,,
,,,,,,,,,,,,,,,,,,,,,,,,,,,,,,,,,,,,,,,,,,,,,,,,,,,,,,,,
,,,,,,,,,,,,,,,,,,,,,,,,,,,,,,,,,,,,,,,,,,,,,,,,,,,,,,,,
,,,,,,,,,,,,,,,,,,,,,,,,,,,,,,,,,,,,,,,,,,,,,,,,,,,,,,,,
,,,,,,,,,,,,,,,,,,,,,,,,,,,,,,,,,,,,,,,,,,,,,,,,,,,,,,,,
,,,,,,,,,,,,,,,,,,,,,,,,,,,,,,,,,,,,,,,,,,,,,,,,,,,,,,,,
,,,,,,,,,,,,,,,,,,,,,,,,,,,,,,,,,,,,,,,,,,,,,,,,,,,,,,,,
,,,,,,,,,,,,,,,,,,,,,,,,,,,,,,,,,,,,,,,,,,,,,,,,,,,,,,,,
,,,,,,,,,,,,,,,,,,,,,,,,,,,,,,,,,,,,,,,,,,,,,,,,,,,,,,,,
,,,,,,,,,,,,,,,,,,,,,,,,,,,,,,,,,,,,,,,,,,,,,,,,,,,,,,,,
,,,,,,,,,,,,,,,,,,,,,,,,,,,,,,,,,,,,,,,,,,,,,,,,,,,,,,,,
,,,,,,,,,,,,,,,,,,,,,,,,,,,,,,,,,,,,,,,,,,,,,,,,,,,,,,,,
,,,,,,,,,,,,,,,,,,,,,,,,,,,,,,,,,,,,,,,,,,,,,,,,,,,,,,,,
,,,,,,,,,,,,,,,,,,,,,,,,,,,,,,,,,,,,,,,,,,,,,,,,,,,,,,,,
,,,,,,,,,,,,,,,,,,,,,,,,,,,,,,,,,,,,,,,,,,,,,,,,,,,,,,,,
,,,,,,,,,,,,,,,,,,,,,,,,,,,,,,,,,,,,,,,,,,,,,,,,,,,,,,,,
,,,,,,,,,,,,,,,,,,,,,,,,,,,,,,,,,,,,,,,,,,,,,,,,,,,,,,,,
,,,,,,,,,,,,,,,,,,,,,,,,,,,,,,,,,,,,,,,,,,,,,,,,,,,,,,,,
,,,,,,,,,,,,,,,,,,,,,,,,,,,,,,,,,,,,,,,,,,,,,,,,,,,,,,,,
,,,,,,,,,,,,,,,,,,,,,,,,,,,,,,,,,,,,,,,,,,,,,,,,,,,,,,,,
,,,,,,,,,,,,,,,,,,,,,,,,,,,,,,,,,,,,,,,,,,,,,,,,,,,,,,,,
,,,,,,,,,,,,,,,,,,,,,,,,,,,,,,,,,,,,,,,,,,,,,,,,,,,,,,,,
,,,,,,,,,,,,,,,,,,,,,,,,,,,,,,,,,,,,,,,,,,,,,,,,,,,,,,,,
,,,,,,,,,,,,,,,,,,,,,,,,,,,,,,,,,,,,,,,,,,,,,,,,,,,,,,,,
,,,,,,,,,,,,,,,,,,,,,,,,,,,,,,,,,,,,,,,,,,,,,,,,,,,,,,,,
,,,,,,,,,,,,,,,,,,,,,,,,,,,,,,,,,,,,,,,,,,,,,,,,,,,,,,,,
,,,,,,,,,,,,,,,,,,,,,,,,,,,,,,,,,,,,,,,,,,,,,,,,,,,,,,,,
,,,,,,,,,,,,,,,,,,,,,,,,,,,,,,,,,,,,,,,,,,,,,,,,,,,,,,,,
,,,,,,,,,,,,,,,,,,,,,,,,,,,,,,,,,,,,,,,,,,,,,,,,,,,,,,,,
,,,,,,,,,,,,,,,,,,,,,,,,,,,,,,,,,,,,,,,,,,,,,,,,,,,,,,,,
,,,,,,,,,,,,,,,,,,,,,,,,,,,,,,,,,,,,,,,,,,,,,,,,,,,,,,,,
,,,,,,,,,,,,,,,,,,,,,,,,,,,,,,,,,,,,,,,,,,,,,,,,,,,,,,,,
,,,,,,,,,,,,,,,,,,,,,,,,,,,,,,,,,,,,,,,,,,,,,,,,,,,,,,,,
,,,,,,,,,,,,,,,,,,,,,,,,,,,,,,,,,,,,,,,,,,,,,,,,,,,,,,,,
,,,,,,,,,,,,,,,,,,,,,,,,,,,,,,,,,,,,,,,,,,,,,,,,,,,,,,,,
,,,,,,,,,,,,,,,,,,,,,,,,,,,,,,,,,,,,,,,,,,,,,,,,,,,,,,,,
,,,,,,,,,,,,,,,,,,,,,,,,,,,,,,,,,,,,,,,,,,,,,,,,,,,,,,,,
,,,,,,,,,,,,,,,,,,,,,,,,,,,,,,,,,,,,,,,,,,,,,,,,,,,,,,,,
,,,,,,,,,,,,,,,,,,,,,,,,,,,,,,,,,,,,,,,,,,,,,,,,,,,,,,,,
,,,,,,,,,,,,,,,,,,,,,,,,,,,,,,,,,,,,,,,,,,,,,,,,,,,,,,,,
,,,,,,,,,,,,,,,,,,,,,,,,,,,,,,,,,,,,,,,,,,,,,,,,,,,,,,,,
,,,,,,,,,,,,,,,,,,,,,,,,,,,,,,,,,,,,,,,,,,,,,,,,,,,,,,,,
,,,,,,,,,,,,,,,,,,,,,,,,,,,,,,,,,,,,,,,,,,,,,,,,,,,,,,,,
,,,,,,,,,,,,,,,,,,,,,,,,,,,,,,,,,,,,,,,,,,,,,,,,,,,,,,,,
,,,,,,,,,,,,,,,,,,,,,,,,,,,,,,,,,,,,,,,,,,,,,,,,,,,,,,,,
,,,,,,,,,,,,,,,,,,,,,,,,,,,,,,,,,,,,,,,,,,,,,,,,,,,,,,,,
,,,,,,,,,,,,,,,,,,,,,,,,,,,,,,,,,,,,,,,,,,,,,,,,,,,,,,,,
,,,,,,,,,,,,,,,,,,,,,,,,,,,,,,,,,,,,,,,,,,,,,,,,,,,,,,,,
,,,,,,,,,,,,,,,,,,,,,,,,,,,,,,,,,,,,,,,,,,,,,,,,,,,,,,,,
,,,,,,,,,,,,,,,,,,,,,,,,,,,,,,,,,,,,,,,,,,,,,,,,,,,,,,,,
,,,,,,,,,,,,,,,,,,,,,,,,,,,,,,,,,,,,,,,,,,,,,,,,,,,,,,,,
,,,,,,,,,,,,,,,,,,,,,,,,,,,,,,,,,,,,,,,,,,,,,,,,,,,,,,,,
,,,,,,,,,,,,,,,,,,,,,,,,,,,,,,,,,,,,,,,,,,,,,,,,,,,,,,,,
,,,,,,,,,,,,,,,,,,,,,,,,,,,,,,,,,,,,,,,,,,,,,,,,,,,,,,,,
,,,,,,,,,,,,,,,,,,,,,,,,,,,,,,,,,,,,,,,,,,,,,,,,,,,,,,,,
,,,,,,,,,,,,,,,,,,,,,,,,,,,,,,,,,,,,,,,,,,,,,,,,,,,,,,,,
,,,,,,,,,,,,,,,,,,,,,,,,,,,,,,,,,,,,,,,,,,,,,,,,,,,,,,,,